bill_date,store,total_usd,subscription_usd,app_usd,transaction_fee_usd,messaging_usd,other_usd,thread_id
2025-09-04,THE FAB CLUB,111.83,92.00,15.00,4.83,0.00,0.00,19913859f3af4af5
2025-10-04,THE FAB CLUB,131.62,92.00,17.00,9.45,13.17,0.00,199ae08fcf6a6f1d
2025-11-03,THE FAB CLUB,128.56,92.00,15.00,8.21,13.35,0.00,19a4880e3e8232c3
2025-12-03,THE FAB CLUB,133.47,92.00,15.00,8.67,17.80,0.00,19ae31365bd5ce43
2026-01-02,THE FAB CLUB,114.74,92.00,15.00,7.53,0.21,0.00,19b7d9682e6c63b9
2026-02-01,THE FAB CLUB,107.00,92.00,15.00,0.00,0.00,0.00,19c180417873f0b3
2026-03-03,THE FAB CLUB,0.78,0.00,0.00,0.78,0.00,0.00,19f21885dad4da07
2026-07-02,THE FAB CLUB,33.00,33.00,0.00,0.00,0.00,0.00,19f21980638f3a6e
2026-08-01,THE FAB CLUB,33.00,33.00,0.00,0.00,0.00,0.00,19fbc0d731052312
